pair,postfix_position,different_agreement,PREF1,PREF2,ROOT1,ROOT2,LINK,SUFF1,SUFF2,SUFF3,END,POSTFIX,explained_mistakes
"18, 'слушании', 'саслушања'",0.0,0.0,2.0,0.0,0.0,0.0,0.0,0.0,1.5,0.0,1.0,0.0,-1.2
"112, 'путь', 'пут'",0.0,1.0,0.0,0.0,1.0,0.0,0.0,0.0,0.0,0.0,0.0,0.0,-0.8333333333333335
"118, 'детей', 'дечака'",0.0,0.0,0.0,0.0,1.0,0.0,0.0,2.0,0.0,0.0,2.0,0.0,-0.65
"119, 'воин', 'војник'",0.0,0.0,0.0,0.0,1.0,0.0,0.0,2.0,0.0,0.0,0.0,0.0,0.0833333333333332
"124, 'лоза', 'лоза'",0.0,1.0,0.0,0.0,0.0,0.0,0.0,0.0,0.0,0.0,0.0,0.0,0.10625
"125, 'путем', 'путем'",0.0,1.0,0.0,0.0,0.0,0.0,0.0,0.0,0.0,0.0,0.0,0.0,0.2666666666666667
"128, 'извлек', 'извукао'",0.0,0.0,0.0,0.0,2.0,0.0,0.0,1.0,1.0,0.0,0.0,0.0,-2.3
"134, 'облаке', 'облаку'",0.0,0.0,0.0,0.0,0.0,0.0,0.0,0.0,0.0,0.0,1.0,0.0,0.45
"135, 'копий', 'копаља'",0.0,0.0,0.0,0.0,2.0,0.0,0.0,0.0,0.0,0.0,2.0,0.0,0.2235294117647059
"137, 'блестящими', 'блиставим'",0.0,0.0,0.0,0.0,0.6,0.0,0.0,1.6,0.0,0.0,1.0,0.0,0.3125
"138, 'воин', 'војник'",0.0,0.0,0.0,0.0,1.0,0.0,0.0,2.0,0.0,0.0,0.0,0.0,0.51875
"142, 'пошли', 'дошли'",0.0,0.0,1.0,0.0,0.0,0.0,0.0,0.0,0.0,0.0,0.0,0.0,0.3888888888888889
"26, 'абажурами', 'абажурима'",0.0,0.0,0.0,0.0,0.0,0.0,0.0,0.0,0.0,0.0,2.0,0.0,-0.7692307692307694
"210, 'размышлять', 'размишља'",0.0,0.0,0.0,0.0,1.1,0.0,0.0,0.3,0.0,0.0,2.0,0.0,0.2136752136752137
"220, 'наоборот', 'наопако'",0.0,0.0,0.0,0.0,2.9,0.0,0.0,0.0,0.0,0.0,1.0,0.0,-0.7692307692307694
"238, 'подскакивали', 'поскакивале'",0.0,0.0,1.0,0.0,0.0,0.0,0.0,0.0,0.0,0.0,0.6,0.0,-4.307692307692308
"32, 'благосклонности', 'наклоности'",0.0,0.0,2.0,0.0,4.0,0.0,1.0,1.0,0.0,0.0,0.0,0.0,0.6145833333333334
"38, 'столбами', 'стубовима'",0.0,0.0,0.0,0.0,1.6,0.0,0.0,0.0,0.0,0.0,3.6,0.0,0.3392857142857143
"310, 'шли', 'ишле'",0.0,0.0,0.0,0.0,1.0,0.0,0.0,0.0,0.0,0.0,0.6,0.0,0.0
"311, 'стежками', 'стазама'",0.0,0.0,0.0,0.0,2.0,0.0,0.0,1.0,0.0,0.0,1.0,0.0,0.2291666666666667
"323, 'неслись', 'носили'",0.0,0.0,0.0,0.0,1.0,0.0,0.0,1.0,0.0,0.0,0.0,2.0,0.6696428571428572
"325, 'пытать', 'питати'",0.0,0.0,0.0,0.0,0.6,0.0,0.0,0.0,0.0,0.0,1.0,0.0,0.6145833333333334
"41, 'мыслить', 'мисли'",0.0,0.0,0.0,0.0,0.6,0.0,0.0,0.0,0.0,0.0,2.0,0.0,0.0294117647058823
"410, 'хочет', 'хоће'",0.0,0.0,0.0,0.0,1.2,0.0,0.0,0.0,0.0,0.0,1.0,0.0,-0.1945701357466063
"411, 'детских', 'детињства'",0.0,0.0,0.0,0.0,0.0,0.0,0.0,2.0,3.0,0.0,2.0,0.0,0.7843137254901961
"412, 'разумеющего', 'разуме'",0.0,0.0,0.0,0.0,0.0,0.0,0.0,0.0,2.0,0.0,3.0,0.0,0.6894117647058823
"413, 'отречься', 'одрећи'",0.0,0.0,0.6,0.0,1.2,0.0,0.0,1.0,0.0,0.0,0.0,2.0,-1.7176470588235293
"418, 'послушности', 'послушност'",0.0,0.0,0.0,0.0,0.0,0.0,0.0,0.0,0.0,0.0,1.0,0.0,-1.911764705882353
"419, 'границ', 'граница'",0.0,0.0,0.0,0.0,0.0,0.0,0.0,0.0,0.0,0.0,1.0,0.0,-0.2941176470588235
"420, 'ранено', 'рањено'",0.0,0.0,0.0,0.0,0.5,0.0,0.0,0.0,0.0,0.0,0.0,0.0,0.3975659229208925
"423, 'мучил', 'мучио'",0.0,0.0,0.0,0.0,0.0,0.0,0.0,0.0,1.0,0.0,0.0,0.0,-1.7176470588235293
"424, 'истину', 'истину'",0.0,0.0,0.0,0.0,0.0,0.0,0.0,0.0,0.0,0.0,0.0,0.0,0.0804953560371517
"425, 'равнодушен', 'равнодушан'",0.0,0.0,0.0,0.0,0.0,0.0,0.0,1.0,0.0,0.0,0.0,0.0,0.5147058823529411
"431, 'провал', 'провалиjа'",0.0,1.0,0.0,0.0,0.0,0.0,0.0,2.0,0.0,0.0,1.0,0.0,-0.3865546218487395
"443, 'жалость', 'жалост'",0.0,0.0,0.0,0.0,0.0,0.0,0.0,1.0,0.0,0.0,0.0,0.0,-0.1647058823529412
"52, 'исторгнуть', 'истргнути'",0.0,0.0,0.0,0.0,1.0,0.0,0.0,0.0,0.0,0.0,1.0,0.0,-0.0277777777777777
"55, 'голове', 'главу'",0.0,0.0,0.0,0.0,1.3,0.0,0.0,0.0,0.0,0.0,1.0,0.0,-0.6319444444444445
"510, 'богинь', 'богинjа'",0.0,0.0,0.0,0.0,1.0,0.0,0.0,0.0,0.0,0.0,1.0,0.0,0.4777777777777778
"511, 'помыслил', 'помисли'",0.0,0.0,0.0,0.0,0.6,0.0,0.0,0.0,1.0,0.0,0.0,0.0,0.0208333333333333
"519, 'сосудов', 'судова'",0.0,0.0,2.0,0.0,0.0,0.0,0.0,0.0,0.0,0.0,1.0,0.0,-1.611111111111111
"525, 'пути', 'успут'",0.0,0.0,1.0,1.0,0.0,0.0,0.0,0.0,0.0,0.0,1.0,0.0,-0.1812169312169313
"529, 'увидеться', 'видети'",0.0,0.0,1.0,0.0,0.0,0.0,0.0,0.0,0.0,0.0,1.0,2.0,-0.0444444444444443
"530, 'истину', 'истину'",0.0,0.0,0.0,0.0,0.0,0.0,0.0,0.0,0.0,0.0,0.0,0.0,0.7696078431372549
"535, 'ночью', 'синоћ'",0.0,0.0,2.0,0.0,1.2,0.0,0.0,0.0,0.0,0.0,1.0,0.0,0.0
"66, 'люди', 'људи'",0.0,1.0,0.0,0.0,0.8,0.0,0.0,0.0,0.0,0.0,0.0,0.0,-0.4807692307692306
"68, 'месяц', 'месец'",0.0,1.0,0.0,0.0,0.6,0.0,0.0,0.0,0.0,0.0,0.0,0.0,0.1538461538461537
"618, 'заговорил', 'одговорио'",0.0,0.0,2.0,0.0,0.0,0.0,0.0,0.0,1.0,0.0,0.0,0.0,0.4923076923076923
"627, 'позвал', 'позвао'",0.0,0.0,0.0,0.0,0.0,0.0,0.0,0.0,1.0,0.0,0.0,0.0,-0.0576923076923077
"628, 'нагнулись', 'нагли'",0.5,0.0,0.0,0.0,0.0,0.0,0.0,1.0,1.0,0.0,0.0,2.0,-1.3269230769230769
"634, 'тайна', 'тајна'",0.0,1.0,0.0,0.0,0.5,0.0,0.0,0.0,0.0,0.0,0.0,0.0,0.4142011834319527
